,Station_ID,Station_Name,Metro_Line,Daily_Ridership,Weekday_0,Weekend_0,Weekday_1,Weekend_1,Weekday_2,Weekend_2,Weekday_3,Weekend_3,Weekday_4,Weekend_4,Weekday_5,Weekend_5,Weekday_6,Weekend_6,Weekday_7,Weekend_7,Weekday_8,Weekend_8,Weekday_9,Weekend_9,Weekday_10,Weekend_10,Weekday_11,Weekend_11,Weekday_12,Weekend_12,Weekday_13,Weekend_13,Weekday_14,Weekend_14,Weekday_15,Weekend_15,Weekday_16,Weekend_16,Weekday_17,Weekend_17,Weekday_18,Weekend_18,Weekday_19,Weekend_19,Weekday_20,Weekend_20,Weekday_21,Weekend_21,Weekday_22,Weekend_22,Weekday_23,Weekend_23
0,1.0,Shaheed Sthal(First Station),Red line,5953,119,59,59,59,59,59,59,59,119,59,297,119,476,178,714,297,595,416,416,535,357,595,297,595,297,595,297,595,297,535,357,476,416,416,595,357,714,297,595,238,476,178,297,119,178,119,119,59
1,2.0,Hindon River,Red line,4704,94,47,47,47,47,47,47,47,94,47,235,94,376,141,564,235,470,329,329,423,282,470,235,470,235,470,235,470,235,423,282,376,329,329,470,282,564,235,470,188,376,141,235,94,141,94,94,47
2,3.0,Arthala,Red line,5058,101,50,50,50,50,50,50,50,101,50,252,101,404,151,606,252,505,354,354,455,303,505,252,505,252,505,252,505,252,455,303,404,354,354,505,303,606,252,505,202,404,151,252,101,151,101,101,50
3,4.0,Mohan Nagar,Red line,5450,109,54,54,54,54,54,54,54,109,54,272,109,436,163,654,272,545,381,381,490,327,545,272,545,272,545,272,545,272,490,327,436,381,381,545,327,654,272,545,218,436,163,272,109,163,109,109,54
4,5.0,Shyam Park,Red line,4065,81,40,40,40,40,40,40,40,81,40,203,81,325,121,487,203,406,284,284,365,243,406,203,406,203,406,203,406,203,365,243,325,284,284,406,243,487,203,406,162,325,121,203,81,121,81,81,40
5,6.0,Major Mohit Sharma,Red line,4008,80,40,40,40,40,40,40,40,80,40,200,80,320,120,480,200,400,280,280,360,240,400,200,400,200,400,200,400,200,360,240,320,280,280,400,240,480,200,400,160,320,120,200,80,120,80,80,40
6,7.0,Raj Bagh,Red line,6235,124,62,62,62,62,62,62,62,124,62,311,124,498,187,748,311,623,436,436,561,374,623,311,623,311,623,311,623,311,561,374,498,436,436,623,374,748,311,623,249,498,187,311,124,187,124,124,62
7,8.0,Shaheed Nagar,Red line,4967,99,49,49,49,49,49,49,49,99,49,248,99,397,149,596,248,496,347,347,447,298,496,248,496,248,496,248,496,248,447,298,397,347,347,496,298,596,248,496,198,397,149,248,99,149,99,99,49
8,9.0,Dilshad Garden,Red line,5578,111,55,55,55,55,55,55,55,111,55,278,111,446,167,669,278,557,390,390,502,334,557,278,557,278,557,278,557,278,502,334,446,390,390,557,334,669,278,557,223,446,167,278,111,167,111,111,55
9,10.0,Jhil Mil,Red line,6513,130,65,65,65,65,65,65,65,130,65,325,130,521,195,781,325,651,455,455,586,390,651,325,651,325,651,325,651,325,586,390,521,455,455,651,390,781,325,651,260,521,195,325,130,195,130,130,65
10,11.0,Mansarovar Park,Red line,5687,113,56,56,56,56,56,56,56,113,56,284,113,454,170,682,284,568,398,398,511,341,568,284,568,284,568,284,568,284,511,341,454,398,398,568,341,682,284,568,227,454,170,284,113,170,113,113,56
11,12.0,Shahdara,Red line,6802,136,68,68,68,68,68,68,68,136,68,340,136,544,204,816,340,680,476,476,612,408,680,340,680,340,680,340,680,340,612,408,544,476,476,680,408,816,340,680,272,544,204,340,136,204,136,136,68
12,13.0,Welcome,Red line,8860,177,88,88,88,88,88,88,88,177,88,443,177,708,265,1063,443,886,620,620,797,531,886,443,886,443,886,443,886,443,797,531,708,620,620,886,531,1063,443,886,354,708,265,443,177,265,177,177,88
14,14.0,Seelampur,Red line,5333,106,53,53,53,53,53,53,53,106,53,266,106,426,159,639,266,533,373,373,479,319,533,266,533,266,533,266,533,266,479,319,426,373,373,533,319,639,266,533,213,426,159,266,106,159,106,106,53
15,15.0,Shastri Park,Red line,5276,105,52,52,52,52,52,52,52,105,52,263,105,422,158,633,263,527,369,369,474,316,527,263,527,263,527,263,527,263,474,316,422,369,369,527,316,633,263,527,211,422,158,263,105,158,105,105,52
16,16.0,Kashmere Gate,Red line,9590,191,95,95,95,95,95,95,95,191,95,479,191,767,287,1150,479,959,671,671,863,575,959,479,959,479,959,479,959,479,863,575,767,671,671,959,575,1150,479,959,383,767,287,479,191,287,191,191,95
18,17.0,Tis Hazari,Red line,6401,128,64,64,64,64,64,64,64,128,64,320,128,512,192,768,320,640,448,448,576,384,640,320,640,320,640,320,640,320,576,384,512,448,448,640,384,768,320,640,256,512,192,320,128,192,128,128,64
19,18.0,Pul Bangash,Red line,6979,139,69,69,69,69,69,69,69,139,69,348,139,558,209,837,348,697,488,488,628,418,697,348,697,348,697,348,697,348,628,418,558,488,488,697,418,837,348,697,279,558,209,348,139,209,139,139,69
20,19.0,Pratap Nagar,Red line,5891,117,58,58,58,58,58,58,58,117,58,294,117,471,176,706,294,589,412,412,530,353,589,294,589,294,589,294,589,294,530,353,471,412,412,589,353,706,294,589,235,471,176,294,117,176,117,117,58
21,20.0,Shastri Nagar,Red line,5333,106,53,53,53,53,53,53,53,106,53,266,106,426,159,639,266,533,373,373,479,319,533,266,533,266,533,266,533,266,479,319,426,373,373,533,319,639,266,533,213,426,159,266,106,159,106,106,53
24,22.0,Kanhaiya Nagar,Red line,8153,163,81,81,81,81,81,81,81,163,81,407,163,652,244,978,407,815,570,570,733,489,815,407,815,407,815,407,815,407,733,489,652,570,570,815,489,978,407,815,326,652,244,407,163,244,163,163,81
25,23.0,Keshav Puram,Red line,6495,129,64,64,64,64,64,64,64,129,64,324,129,519,194,779,324,649,454,454,584,389,649,324,649,324,649,324,649,324,584,389,519,454,454,649,389,779,324,649,259,519,194,324,129,194,129,129,64
26,24.0,Netaji Subash Place,Red line,5857,117,58,58,58,58,58,58,58,117,58,292,117,468,175,702,292,585,409,409,527,351,585,292,585,292,585,292,585,292,527,351,468,409,409,585,351,702,292,585,234,468,175,292,117,175,117,117,58
28,25.0,Kohat Enclave,Red line,5358,107,53,53,53,53,53,53,53,107,53,267,107,428,160,642,267,535,375,375,482,321,535,267,535,267,535,267,535,267,482,321,428,375,375,535,321,642,267,535,214,428,160,267,107,160,107,107,53
29,26.0,Pitam Pura,Red line,5973,119,59,59,59,59,59,59,59,119,59,298,119,477,179,716,298,597,418,418,537,358,597,298,597,298,597,298,597,298,537,358,477,418,418,597,358,716,298,597,238,477,179,298,119,179,119,119,59
30,27.0,Rohini East,Red line,6659,133,66,66,66,66,66,66,66,133,66,332,133,532,199,799,332,665,466,466,599,399,665,332,665,332,665,332,665,332,599,399,532,466,466,665,399,799,332,665,266,532,199,332,133,199,133,133,66
31,28.0,Rohini West,Red line,5400,108,54,54,54,54,54,54,54,108,54,270,108,432,162,648,270,540,378,378,486,324,540,270,540,270,540,270,540,270,486,324,432,378,378,540,324,648,270,540,216,432,162,270,108,162,108,108,54
32,29.0,Rithala(Last Station),Red line,6766,135,67,67,67,67,67,67,67,135,67,338,135,541,202,811,338,676,473,473,608,405,676,338,676,338,676,338,676,338,608,405,541,473,473,676,405,811,338,676,270,541,202,338,135,202,135,135,67
33,1.0,Samaypur Badli(First Station),Yellow line,5537,110,55,55,55,55,55,55,55,110,55,276,110,442,166,664,276,553,387,387,498,332,553,276,553,276,553,276,553,276,498,332,442,387,387,553,332,664,276,553,221,442,166,276,110,166,110,110,55
34,2.0,Rohini Sector 18-19,Yellow line,5183,103,51,51,51,51,51,51,51,103,51,259,103,414,155,621,259,518,362,362,466,310,518,259,518,259,518,259,518,259,466,310,414,362,362,518,310,621,259,518,207,414,155,259,103,155,103,103,51
35,3.0,Haiderpur Badli Mor,Yellow line,4695,93,46,46,46,46,46,46,46,93,46,234,93,375,140,563,234,469,328,328,422,281,469,234,469,234,469,234,469,234,422,281,375,328,328,469,281,563,234,469,187,375,140,234,93,140,93,93,46
36,4.0,Jahangirpuri,Yellow line,7867,157,78,78,78,78,78,78,78,157,78,393,157,629,236,944,393,786,550,550,708,472,786,393,786,393,786,393,786,393,708,472,629,550,550,786,472,944,393,786,314,629,236,393,157,236,157,157,78
37,5.0,Adarsh Nagar,Yellow line,6103,122,61,61,61,61,61,61,61,122,61,305,122,488,183,732,305,610,427,427,549,366,610,305,610,305,610,305,610,305,549,366,488,427,427,610,366,732,305,610,244,488,183,305,122,183,122,122,61
38,6.0,Azadpur,Yellow line,6405,128,64,64,64,64,64,64,64,128,64,320,128,512,192,768,320,640,448,448,576,384,640,320,640,320,640,320,640,320,576,384,512,448,448,640,384,768,320,640,256,512,192,320,128,192,128,128,64
40,7.0,Model Town,Yellow line,6664,133,66,66,66,66,66,66,66,133,66,333,133,533,199,799,333,666,466,466,599,399,666,333,666,333,666,333,666,333,599,399,533,466,466,666,399,799,333,666,266,533,199,333,133,199,133,133,66
41,8.0,Guru Tegh Bahadur Nagar,Yellow line,4723,94,47,47,47,47,47,47,47,94,47,236,94,377,141,566,236,472,330,330,425,283,472,236,472,236,472,236,472,236,425,283,377,330,330,472,283,566,236,472,188,377,141,236,94,141,94,94,47
42,9.0,Vishwavidyalaya,Yellow line,6819,136,68,68,68,68,68,68,68,136,68,340,136,545,204,818,340,681,477,477,613,409,681,340,681,340,681,340,681,340,613,409,545,477,477,681,409,818,340,681,272,545,204,340,136,204,136,136,68
43,10.0,Vidhan Sabha,Yellow line,4835,96,48,48,48,48,48,48,48,96,48,241,96,386,145,580,241,483,338,338,435,290,483,241,483,241,483,241,483,241,435,290,386,338,338,483,290,580,241,483,193,386,145,241,96,145,96,96,48
44,11.0,Civil Lines,Yellow line,5548,110,55,55,55,55,55,55,55,110,55,277,110,443,166,665,277,554,388,388,499,332,554,277,554,277,554,277,554,277,499,332,443,388,388,554,332,665,277,554,221,443,166,277,110,166,110,110,55
45,12.0,Kashmere Gate,Yellow line,10000,200,100,100,100,100,100,100,100,200,100,500,200,800,300,1200,500,1000,700,700,900,600,1000,500,1000,500,1000,500,1000,500,900,600,800,700,700,1000,600,1200,500,1000,400,800,300,500,200,300,200,200,100
47,13.0,Chandni Chowk,Yellow line,7715,154,77,77,77,77,77,77,77,154,77,385,154,617,231,925,385,771,540,540,694,462,771,385,771,385,771,385,771,385,694,462,617,540,540,771,462,925,385,771,308,617,231,385,154,231,154,154,77
48,14.0,Chawri Bazar,Yellow line,7163,143,71,71,71,71,71,71,71,143,71,358,143,573,214,859,358,716,501,501,644,429,716,358,716,358,716,358,716,358,644,429,573,501,501,716,429,859,358,716,286,573,214,358,143,214,143,143,71
49,15.0,New Delhi,Yellow line,7019,140,70,70,70,70,70,70,70,140,70,350,140,561,210,842,350,701,491,491,631,421,701,350,701,350,701,350,701,350,631,421,561,491,491,701,421,842,350,701,280,561,210,350,140,210,140,140,70
51,16.0,Rajiv Chowk,Yellow line,8096,161,80,80,80,80,80,80,80,161,80,404,161,647,242,971,404,809,566,566,728,485,809,404,809,404,809,404,809,404,728,485,647,566,566,809,485,971,404,809,323,647,242,404,161,242,161,161,80
53,17.0,Patel Chowk,Yellow line,5486,109,54,54,54,54,54,54,54,109,54,274,109,438,164,658,274,548,384,384,493,329,548,274,548,274,548,274,548,274,493,329,438,384,384,548,329,658,274,548,219,438,164,274,109,164,109,109,54
54,18.0,Central Secretariat,Yellow line,7315,146,73,73,73,73,73,73,73,146,73,365,146,585,219,877,365,731,512,512,658,438,731,365,731,365,731,365,731,365,658,438,585,512,512,731,438,877,365,731,292,585,219,365,146,219,146,146,73
56,19.0,Udyog Bhawan,Yellow line,5383,107,53,53,53,53,53,53,53,107,53,269,107,430,161,645,269,538,376,376,484,322,538,269,538,269,538,269,538,269,484,322,430,376,376,538,322,645,269,538,215,430,161,269,107,161,107,107,53
57,20.0,Lok Kalyan Marg,Yellow line,6718,134,67,67,67,67,67,67,67,134,67,335,134,537,201,806,335,671,470,470,604,403,671,335,671,335,671,335,671,335,604,403,537,470,470,671,403,806,335,671,268,537,201,335,134,201,134,134,67
58,21.0,Jor Bagh,Yellow line,5821,116,58,58,58,58,58,58,58,116,58,291,116,465,174,698,291,582,407,407,523,349,582,291,582,291,582,291,582,291,523,349,465,407,407,582,349,698,291,582,232,465,174,291,116,174,116,116,58
60,22.0,Dilli Haat Ina,Yellow line,5372,107,53,53,53,53,53,53,53,107,53,268,107,429,161,644,268,537,376,376,483,322,537,268,537,268,537,268,537,268,483,322,429,376,376,537,322,644,268,537,214,429,161,268,107,161,107,107,53
62,23.0,Aiims,Yellow line,5844,116,58,58,58,58,58,58,58,116,58,292,116,467,175,701,292,584,409,409,525,350,584,292,584,292,584,292,584,292,525,350,467,409,409,584,350,701,292,584,233,467,175,292,116,175,116,116,58
63,24.0,Green Park,Yellow line,5375,107,53,53,53,53,53,53,53,107,53,268,107,430,161,645,268,537,376,376,483,322,537,268,537,268,537,268,537,268,483,322,430,376,376,537,322,645,268,537,215,430,161,268,107,161,107,107,53
64,25.0,Hauz Khas,Yellow line,6418,128,64,64,64,64,64,64,64,128,64,320,128,513,192,770,320,641,449,449,577,385,641,320,641,320,641,320,641,320,577,385,513,449,449,641,385,770,320,641,256,513,192,320,128,192,128,128,64
66,26.0,Malviya Nagar,Yellow line,6127,122,61,61,61,61,61,61,61,122,61,306,122,490,183,735,306,612,428,428,551,367,612,306,612,306,612,306,612,306,551,367,490,428,428,612,367,735,306,612,245,490,183,306,122,183,122,122,61
67,27.0,Saket,Yellow line,6368,127,63,63,63,63,63,63,63,127,63,318,127,509,191,764,318,636,445,445,573,382,636,318,636,318,636,318,636,318,573,382,509,445,445,636,382,764,318,636,254,509,191,318,127,191,127,127,63
68,28.0,Qutab Minar,Yellow line,6181,123,61,61,61,61,61,61,61,123,61,309,123,494,185,741,309,618,432,432,556,370,618,309,618,309,618,309,618,309,556,370,494,432,432,618,370,741,309,618,247,494,185,309,123,185,123,123,61
69,29.0,Chhattarpur,Yellow line,4498,89,44,44,44,44,44,44,44,89,44,224,89,359,134,539,224,449,314,314,404,269,449,224,449,224,449,224,449,224,404,269,359,314,314,449,269,539,224,449,179,359,134,224,89,134,89,89,44
70,30.0,Sultanpur,Yellow line,4976,99,49,49,49,49,49,49,49,99,49,248,99,398,149,597,248,497,348,348,447,298,497,248,497,248,497,248,497,248,447,298,398,348,348,497,298,597,248,497,199,398,149,248,99,149,99,99,49
71,31.0,Ghitorni,Yellow line,5491,109,54,54,54,54,54,54,54,109,54,274,109,439,164,658,274,549,384,384,494,329,549,274,549,274,549,274,549,274,494,329,439,384,384,549,329,658,274,549,219,439,164,274,109,164,109,109,54
72,32.0,Arjan Garh,Yellow line,5992,119,59,59,59,59,59,59,59,119,59,299,119,479,179,719,299,599,419,419,539,359,599,299,599,299,599,299,599,299,539,359,479,419,419,599,359,719,299,599,239,479,179,299,119,179,119,119,59
73,33.0,Guru Dronacharya,Yellow line,5875,117,58,58,58,58,58,58,58,117,58,293,117,470,176,705,293,587,411,411,528,352,587,293,587,293,587,293,587,293,528,352,470,411,411,587,352,705,293,587,235,470,176,293,117,176,117,117,58
74,34.0,Sikandarpur,Yellow line,6214,124,62,62,62,62,62,62,62,124,62,310,124,497,186,745,310,621,434,434,559,372,621,310,621,310,621,310,621,310,559,372,497,434,434,621,372,745,310,621,248,497,186,310,124,186,124,124,62
76,35.0,Mg Road,Yellow line,4559,91,45,45,45,45,45,45,45,91,45,227,91,364,136,547,227,455,319,319,410,273,455,227,455,227,455,227,455,227,410,273,364,319,319,455,273,547,227,455,182,364,136,227,91,136,91,91,45
77,36.0,Iffco Chowk,Yellow line,4459,89,44,44,44,44,44,44,44,89,44,222,89,356,133,535,222,445,312,312,401,267,445,222,445,222,445,222,445,222,401,267,356,312,312,445,267,535,222,445,178,356,133,222,89,133,89,89,44
78,37.0,Huda City Centre,Yellow line,5839,116,58,58,58,58,58,58,58,116,58,291,116,467,175,700,291,583,408,408,525,350,583,291,583,291,583,291,583,291,525,350,467,408,408,583,350,700,291,583,233,467,175,291,116,175,116,116,58
79,1.0,Dwarka Sector 21(First Station),Blue line,7926,158,79,79,79,79,79,79,79,158,79,396,158,634,237,951,396,792,554,554,713,475,792,396,792,396,792,396,792,396,713,475,634,554,554,792,475,951,396,792,317,634,237,396,158,237,158,158,79
81,2.0,Dwarka Sector 8,Blue line,5840,116,58,58,58,58,58,58,58,116,58,292,116,467,175,700,292,584,408,408,525,350,584,292,584,292,584,292,584,292,525,350,467,408,408,584,350,700,292,584,233,467,175,292,116,175,116,116,58
82,3.0,Dwarka Sector 9,Blue line,7381,147,73,73,73,73,73,73,73,147,73,369,147,590,221,885,369,738,516,516,664,442,738,369,738,369,738,369,738,369,664,442,590,516,516,738,442,885,369,738,295,590,221,369,147,221,147,147,73
83,4.0,Dwarka Sector 10,Blue line,6689,133,66,66,66,66,66,66,66,133,66,334,133,535,200,802,334,668,468,468,602,401,668,334,668,334,668,334,668,334,602,401,535,468,468,668,401,802,334,668,267,535,200,334,133,200,133,133,66
84,5.0,Dwarka Sector 11,Blue line,5762,115,57,57,57,57,57,57,57,115,57,288,115,460,172,691,288,576,403,403,518,345,576,288,576,288,576,288,576,288,518,345,460,403,403,576,345,691,288,576,230,460,172,288,115,172,115,115,57
85,6.0,Dwarka Sector 12,Blue line,6602,132,66,66,66,66,66,66,66,132,66,330,132,528,198,792,330,660,462,462,594,396,660,330,660,330,660,330,660,330,594,396,528,462,462,660,396,792,330,660,264,528,198,330,132,198,132,132,66
86,7.0,Dwarka Sector 13,Blue line,7614,152,76,76,76,76,76,76,76,152,76,380,152,609,228,913,380,761,532,532,685,456,761,380,761,380,761,380,761,380,685,456,609,532,532,761,456,913,380,761,304,609,228,380,152,228,152,152,76
87,8.0,Dwarka Sector 14,Blue line,6185,123,61,61,61,61,61,61,61,123,61,309,123,494,185,742,309,618,432,432,556,371,618,309,618,309,618,309,618,309,556,371,494,432,432,618,371,742,309,618,247,494,185,309,123,185,123,123,61
88,9.0,Dwarka,Blue line,9256,185,92,92,92,92,92,92,92,185,92,462,185,740,277,1110,462,925,647,647,833,555,925,462,925,462,925,462,925,462,833,555,740,647,647,925,555,1110,462,925,370,740,277,462,185,277,185,185,92
90,10.0,Dwarka Mor,Blue line,3836,76,38,38,38,38,38,38,38,76,38,191,76,306,115,460,191,383,268,268,345,230,383,191,383,191,383,191,383,191,345,230,306,268,268,383,230,460,191,383,153,306,115,191,76,115,76,76,38
91,11.0,Nawada,Blue line,7071,141,70,70,70,70,70,70,70,141,70,353,141,565,212,848,353,707,494,494,636,424,707,353,707,353,707,353,707,353,636,424,565,494,494,707,424,848,353,707,282,565,212,353,141,212,141,141,70
92,12.0,Uttam Nagar West,Blue line,6392,127,63,63,63,63,63,63,63,127,63,319,127,511,191,767,319,639,447,447,575,383,639,319,639,319,639,319,639,319,575,383,511,447,447,639,383,767,319,639,255,511,191,319,127,191,127,127,63
93,13.0,Uttam Nagar East,Blue line,5940,118,59,59,59,59,59,59,59,118,59,297,118,475,178,712,297,594,415,415,534,356,594,297,594,297,594,297,594,297,534,356,475,415,415,594,356,712,297,594,237,475,178,297,118,178,118,118,59
94,14.0,Janak Puri West,Blue line,7876,157,78,78,78,78,78,78,78,157,78,393,157,630,236,945,393,787,551,551,708,472,787,393,787,393,787,393,787,393,708,472,630,551,551,787,472,945,393,787,315,630,236,393,157,236,157,157,78
96,15.0,Janak Puri East,Blue line,4585,91,45,45,45,45,45,45,45,91,45,229,91,366,137,550,229,458,320,320,412,275,458,229,458,229,458,229,458,229,412,275,366,320,320,458,275,550,229,458,183,366,137,229,91,137,91,91,45
97,16.0,Tilak Nagar,Blue line,6184,123,61,61,61,61,61,61,61,123,61,309,123,494,185,742,309,618,432,432,556,371,618,309,618,309,618,309,618,309,556,371,494,432,432,618,371,742,309,618,247,494,185,309,123,185,123,123,61
98,17.0,Subhash Nagar,Blue line,6804,136,68,68,68,68,68,68,68,136,68,340,136,544,204,816,340,680,476,476,612,408,680,340,680,340,680,340,680,340,612,408,544,476,476,680,408,816,340,680,272,544,204,340,136,204,136,136,68
99,18.0,Tagore Garden,Blue line,7865,157,78,78,78,78,78,78,78,157,78,393,157,629,235,943,393,786,550,550,707,471,786,393,786,393,786,393,786,393,707,471,629,550,550,786,471,943,393,786,314,629,235,393,157,235,157,157,78
100,19.0,Rajouri Garden,Blue line,7478,149,74,74,74,74,74,74,74,149,74,373,149,598,224,897,373,747,523,523,673,448,747,373,747,373,747,373,747,373,673,448,598,523,523,747,448,897,373,747,299,598,224,373,149,224,149,149,74
102,20.0,Ramesh Nagar,Blue line,5872,117,58,58,58,58,58,58,58,117,58,293,117,469,176,704,293,587,411,411,528,352,587,293,587,293,587,293,587,293,528,352,469,411,411,587,352,704,293,587,234,469,176,293,117,176,117,117,58
103,21.0,Moti Nagar,Blue line,6382,127,63,63,63,63,63,63,63,127,63,319,127,510,191,765,319,638,446,446,574,382,638,319,638,319,638,319,638,319,574,382,510,446,446,638,382,765,319,638,255,510,191,319,127,191,127,127,63
104,22.0,Kirti Nagar,Blue line,8987,179,89,89,89,89,89,89,89,179,89,449,179,718,269,1078,449,898,629,629,808,539,898,449,898,449,898,449,898,449,808,539,718,629,629,898,539,1078,449,898,359,718,269,449,179,269,179,179,89
106,23.0,Shadipur,Blue line,6811,136,68,68,68,68,68,68,68,136,68,340,136,544,204,817,340,681,476,476,612,408,681,340,681,340,681,340,681,340,612,408,544,476,476,681,408,817,340,681,272,544,204,340,136,204,136,136,68
107,24.0,Patel Nagar,Blue line,5860,117,58,58,58,58,58,58,58,117,58,293,117,468,175,703,293,586,410,410,527,351,586,293,586,293,586,293,586,293,527,351,468,410,410,586,351,703,293,586,234,468,175,293,117,175,117,117,58
108,25.0,Rajendra Place,Blue line,6772,135,67,67,67,67,67,67,67,135,67,338,135,541,203,812,338,677,474,474,609,406,677,338,677,338,677,338,677,338,609,406,541,474,474,677,406,812,338,677,270,541,203,338,135,203,135,135,67
109,26.0,Karol Bagh,Blue line,6459,129,64,64,64,64,64,64,64,129,64,322,129,516,193,775,322,645,452,452,581,387,645,322,645,322,645,322,645,322,581,387,516,452,452,645,387,775,322,645,258,516,193,322,129,193,129,129,64
110,27.0,Jhandewalan,Blue line,7285,145,72,72,72,72,72,72,72,145,72,364,145,582,218,874,364,728,509,509,655,437,728,364,728,364,728,364,728,364,655,437,582,509,509,728,437,874,364,728,291,582,218,364,145,218,145,145,72
111,28.0,R K Ashram Marg,Blue line,6277,125,62,62,62,62,62,62,62,125,62,313,125,502,188,753,313,627,439,439,564,376,627,313,627,313,627,313,627,313,564,376,502,439,439,627,376,753,313,627,251,502,188,313,125,188,125,125,62
112,29.0,Rajiv Chowk,Blue line,8038,160,80,80,80,80,80,80,80,160,80,401,160,643,241,964,401,803,562,562,723,482,803,401,803,401,803,401,803,401,723,482,643,562,562,803,482,964,401,803,321,643,241,401,160,241,160,160,80
114,30.0,Barakhamba,Blue line,6707,134,67,67,67,67,67,67,67,134,67,335,134,536,201,804,335,670,469,469,603,402,670,335,670,335,670,335,670,335,603,402,536,469,469,670,402,804,335,670,268,536,201,335,134,201,134,134,67
115,31.0,Mandi House,Blue line,6663,133,66,66,66,66,66,66,66,133,66,333,133,533,199,799,333,666,466,466,599,399,666,333,666,333,666,333,666,333,599,399,533,466,466,666,399,799,333,666,266,533,199,333,133,199,133,133,66
117,32.0,Supreme Court (Pragati Maidan),Blue line,6698,133,66,66,66,66,66,66,66,133,66,334,133,535,200,803,334,669,468,468,602,401,669,334,669,334,669,334,669,334,602,401,535,468,468,669,401,803,334,669,267,535,200,334,133,200,133,133,66
118,33.0,Indraprastha,Blue line,6666,133,66,66,66,66,66,66,66,133,66,333,133,533,199,799,333,666,466,466,599,399,666,333,666,333,666,333,666,333,599,399,533,466,466,666,399,799,333,666,266,533,199,333,133,199,133,133,66
119,34.0,Yamuna Bank,Blue line,7212,144,72,72,72,72,72,72,72,144,72,360,144,576,216,865,360,721,504,504,649,432,721,360,721,360,721,360,721,360,649,432,576,504,504,721,432,865,360,721,288,576,216,360,144,216,144,144,72
120,35.0,Akshardham,Blue line,5505,110,55,55,55,55,55,55,55,110,55,275,110,440,165,660,275,550,385,385,495,330,550,275,550,275,550,275,550,275,495,330,440,385,385,550,330,660,275,550,220,440,165,275,110,165,110,110,55
121,36.0,Mayur Vihar Phase-1,Blue line,5941,118,59,59,59,59,59,59,59,118,59,297,118,475,178,712,297,594,415,415,534,356,594,297,594,297,594,297,594,297,534,356,475,415,415,594,356,712,297,594,237,475,178,297,118,178,118,118,59
123,37.0,Mayur Vihar Extention,Blue line,5452,109,54,54,54,54,54,54,54,109,54,272,109,436,163,654,272,545,381,381,490,327,545,272,545,272,545,272,545,272,490,327,436,381,381,545,327,654,272,545,218,436,163,272,109,163,109,109,54
124,38.0,New Ashok Nagar,Blue line,5595,111,55,55,55,55,55,55,55,111,55,279,111,447,167,671,279,559,391,391,503,335,559,279,559,279,559,279,559,279,503,335,447,391,391,559,335,671,279,559,223,447,167,279,111,167,111,111,55
125,39.0,Noida Sector 15,Blue line,4952,99,49,49,49,49,49,49,49,99,49,247,99,396,148,594,247,495,346,346,445,297,495,247,495,247,495,247,495,247,445,297,396,346,346,495,297,594,247,495,198,396,148,247,99,148,99,99,49
126,40.0,Noida Sector 16,Blue line,5551,111,55,55,55,55,55,55,55,111,55,277,111,444,166,666,277,555,388,388,499,333,555,277,555,277,555,277,555,277,499,333,444,388,388,555,333,666,277,555,222,444,166,277,111,166,111,111,55
127,41.0,Noida Sector 18,Blue line,6150,123,61,61,61,61,61,61,61,123,61,307,123,492,184,738,307,615,430,430,553,369,615,307,615,307,615,307,615,307,553,369,492,430,430,615,369,738,307,615,246,492,184,307,123,184,123,123,61
128,42.0,Botanical Garden,Blue line,8953,179,89,89,89,89,89,89,89,179,89,447,179,716,268,1074,447,895,626,626,805,537,895,447,895,447,895,447,895,447,805,537,716,626,626,895,537,1074,447,895,358,716,268,447,179,268,179,179,89
130,43.0,Golf Course,Blue line,5943,118,59,59,59,59,59,59,59,118,59,297,118,475,178,713,297,594,416,416,534,356,594,297,594,297,594,297,594,297,534,356,475,416,416,594,356,713,297,594,237,475,178,297,118,178,118,118,59
131,44.0,Noida City Center,Blue line,5825,116,58,58,58,58,58,58,58,116,58,291,116,466,174,699,291,582,407,407,524,349,582,291,582,291,582,291,582,291,524,349,466,407,407,582,349,699,291,582,233,466,174,291,116,174,116,116,58
132,45.0,Noida Sector 34,Blue line,4884,97,48,48,48,48,48,48,48,97,48,244,97,390,146,586,244,488,341,341,439,293,488,244,488,244,488,244,488,244,439,293,390,341,341,488,293,586,244,488,195,390,146,244,97,146,97,97,48
133,46.0,Noida Sector 52,Blue line,3148,62,31,31,31,31,31,31,31,62,31,157,62,251,94,377,157,314,220,220,283,188,314,157,314,157,314,157,314,157,283,188,251,220,220,314,188,377,157,314,125,251,94,157,62,94,62,62,31
135,47.0,Noida Sector 61,Blue line,4928,98,49,49,49,49,49,49,49,98,49,246,98,394,147,591,246,492,344,344,443,295,492,246,492,246,492,246,492,246,443,295,394,344,344,492,295,591,246,492,197,394,147,246,98,147,98,98,49
136,48.0,Noida Sector 59,Blue line,5009,100,50,50,50,50,50,50,50,100,50,250,100,400,150,601,250,500,350,350,450,300,500,250,500,250,500,250,500,250,450,300,400,350,350,500,300,601,250,500,200,400,150,250,100,150,100,100,50
137,49.0,Noida Sector 62,Blue line,7269,145,72,72,72,72,72,72,72,145,72,363,145,581,218,872,363,726,508,508,654,436,726,363,726,363,726,363,726,363,654,436,581,508,508,726,436,872,363,726,290,581,218,363,145,218,145,145,72
138,1.0,Yamuna Bank,Blue line branch,8424,168,84,84,84,84,84,84,84,168,84,421,168,673,252,1010,421,842,589,589,758,505,842,421,842,421,842,421,842,421,758,505,673,589,589,842,505,1010,421,842,336,673,252,421,168,252,168,168,84
139,2.0,Laxmi Nagar,Blue line branch,6515,130,65,65,65,65,65,65,65,130,65,325,130,521,195,781,325,651,456,456,586,390,651,325,651,325,651,325,651,325,586,390,521,456,456,651,390,781,325,651,260,521,195,325,130,195,130,130,65
140,3.0,Nirman Vihar,Blue line branch,5869,117,58,58,58,58,58,58,58,117,58,293,117,469,176,704,293,586,410,410,528,352,586,293,586,293,586,293,586,293,528,352,469,410,410,586,352,704,293,586,234,469,176,293,117,176,117,117,58
141,4.0,Preet Vihar,Blue line branch,4930,98,49,49,49,49,49,49,49,98,49,246,98,394,147,591,246,493,345,345,443,295,493,246,493,246,493,246,493,246,443,295,394,345,345,493,295,591,246,493,197,394,147,246,98,147,98,98,49
142,5.0,Karkar Duma,Blue line branch,8602,172,86,86,86,86,86,86,86,172,86,430,172,688,258,1032,430,860,602,602,774,516,860,430,860,430,860,430,860,430,774,516,688,602,602,860,516,1032,430,860,344,688,258,430,172,258,172,172,86
144,6.0,Anand Vihar,Blue line branch,7986,159,79,79,79,79,79,79,79,159,79,399,159,638,239,958,399,798,559,559,718,479,798,399,798,399,798,399,798,399,718,479,638,559,559,798,479,958,399,798,319,638,239,399,159,239,159,159,79
146,7.0,Kaushambi,Blue line branch,6498,129,64,64,64,64,64,64,64,129,64,324,129,519,194,779,324,649,454,454,584,389,649,324,649,324,649,324,649,324,584,389,519,454,454,649,389,779,324,649,259,519,194,324,129,194,129,129,64
147,8.0,Vaishali,Blue line branch,4599,91,45,45,45,45,45,45,45,91,45,229,91,367,137,551,229,459,321,321,413,275,459,229,459,229,459,229,459,229,413,275,367,321,321,459,275,551,229,459,183,367,137,229,91,137,91,91,45
148,1.0,Ashok Park Main,Green line branch,9937,198,99,99,99,99,99,99,99,198,99,496,198,794,298,1192,496,993,695,695,894,596,993,496,993,496,993,496,993,496,894,596,794,695,695,993,596,1192,496,993,397,794,298,496,198,298,198,198,99
149,2.0,Satguru Ram Singh Marg,Green line branch,5107,102,51,51,51,51,51,51,51,102,51,255,102,408,153,612,255,510,357,357,459,306,510,255,510,255,510,255,510,255,459,306,408,357,357,510,306,612,255,510,204,408,153,255,102,153,102,102,51
150,3.0,Kirti Nagar,Green line branch,8085,161,80,80,80,80,80,80,80,161,80,404,161,646,242,970,404,808,565,565,727,485,808,404,808,404,808,404,808,404,727,485,646,565,565,808,485,970,404,808,323,646,242,404,161,242,161,161,80
152,1.0,Inderlok Conn:Red,Green line,9145,182,91,91,91,91,91,91,91,182,91,457,182,731,274,1097,457,914,640,640,823,548,914,457,914,457,914,457,914,457,823,548,731,640,640,914,548,1097,457,914,365,731,274,457,182,274,182,182,91
153,2.0,Ashok Park Main,Green line,7065,141,70,70,70,70,70,70,70,141,70,353,141,565,211,847,353,706,494,494,635,423,706,353,706,353,706,353,706,353,635,423,565,494,494,706,423,847,353,706,282,565,211,353,141,211,141,141,70
154,3.0,Punjabi Bagh,Green line,5814,116,58,58,58,58,58,58,58,116,58,290,116,465,174,697,290,581,406,406,523,348,581,290,581,290,581,290,581,290,523,348,465,406,406,581,348,697,290,581,232,465,174,290,116,174,116,116,58
155,4.0,Shivaji Park,Green line,6077,121,60,60,60,60,60,60,60,121,60,303,121,486,182,729,303,607,425,425,546,364,607,303,607,303,607,303,607,303,546,364,486,425,425,607,364,729,303,607,243,486,182,303,121,182,121,121,60
156,5.0,Madipur,Green line,5239,104,52,52,52,52,52,52,52,104,52,261,104,419,157,628,261,523,366,366,471,314,523,261,523,261,523,261,523,261,471,314,419,366,366,523,314,628,261,523,209,419,157,261,104,157,104,104,52
157,6.0,Paschim Vihar (East),Green line,4294,85,42,42,42,42,42,42,42,85,42,214,85,343,128,515,214,429,300,300,386,257,429,214,429,214,429,214,429,214,386,257,343,300,300,429,257,515,214,429,171,343,128,214,85,128,85,85,42
158,7.0,Paschim Vihar (West),Green line,5713,114,57,57,57,57,57,57,57,114,57,285,114,457,171,685,285,571,399,399,514,342,571,285,571,285,571,285,571,285,514,342,457,399,399,571,342,685,285,571,228,457,171,285,114,171,114,114,57
159,8.0,Peera Garhi,Green line,4694,93,46,46,46,46,46,46,46,93,46,234,93,375,140,563,234,469,328,328,422,281,469,234,469,234,469,234,469,234,422,281,375,328,328,469,281,563,234,469,187,375,140,234,93,140,93,93,46
160,9.0,Udyog Nagar,Green line,6041,120,60,60,60,60,60,60,60,120,60,302,120,483,181,724,302,604,422,422,543,362,604,302,604,302,604,302,604,302,543,362,483,422,422,604,362,724,302,604,241,483,181,302,120,181,120,120,60
161,10.0,Maharaja Surajmal Stadium,Green line,4787,95,47,47,47,47,47,47,47,95,47,239,95,382,143,574,239,478,335,335,430,287,478,239,478,239,478,239,478,239,430,287,382,335,335,478,287,574,239,478,191,382,143,239,95,143,95,95,47
162,11.0,Nangloi,Green line,7024,140,70,70,70,70,70,70,70,140,70,351,140,561,210,842,351,702,491,491,632,421,702,351,702,351,702,351,702,351,632,421,561,491,491,702,421,842,351,702,280,561,210,351,140,210,140,140,70
163,12.0,Nangloi Railway Station,Green line,4813,96,48,48,48,48,48,48,48,96,48,240,96,385,144,577,240,481,336,336,433,288,481,240,481,240,481,240,481,240,433,288,385,336,336,481,288,577,240,481,192,385,144,240,96,144,96,96,48
164,13.0,Rajdhani Park,Green line,5157,103,51,51,51,51,51,51,51,103,51,257,103,412,154,618,257,515,360,360,464,309,515,257,515,257,515,257,515,257,464,309,412,360,360,515,309,618,257,515,206,412,154,257,103,154,103,103,51
165,14.0,Mundka,Green line,6208,124,62,62,62,62,62,62,62,124,62,310,124,496,186,744,310,620,434,434,558,372,620,310,620,310,620,310,620,310,558,372,496,434,434,620,372,744,310,620,248,496,186,310,124,186,124,124,62
166,15.0,Mundka Industrial Area (Mia),Green line,2868,57,28,28,28,28,28,28,28,57,28,143,57,229,86,344,143,286,200,200,258,172,286,143,286,143,286,143,286,143,258,172,229,200,200,286,172,344,143,286,114,229,86,143,57,86,57,57,28
167,16.0,Ghevra Metro Station,Green line,4216,84,42,42,42,42,42,42,42,84,42,210,84,337,126,505,210,421,295,295,379,252,421,210,421,210,421,210,421,210,379,252,337,295,295,421,252,505,210,421,168,337,126,210,84,126,84,84,42
168,17.0,Tikri Kalan,Green line,5283,105,52,52,52,52,52,52,52,105,52,264,105,422,158,633,264,528,369,369,475,316,528,264,528,264,528,264,528,264,475,316,422,369,369,528,316,633,264,528,211,422,158,264,105,158,105,105,52
169,18.0,Tikri Border,Green line,2528,50,25,25,25,25,25,25,25,50,25,126,50,202,75,303,126,252,176,176,227,151,252,126,252,126,252,126,252,126,227,151,202,176,176,252,151,303,126,252,101,202,75,126,50,75,50,50,25
170,19.0,Pandit Shree Ram Sharma,Green line,4202,84,42,42,42,42,42,42,42,84,42,210,84,336,126,504,210,420,294,294,378,252,420,210,420,210,420,210,420,210,378,252,336,294,294,420,252,504,210,420,168,336,126,210,84,126,84,84,42
171,20.0,Bahdurgarh City,Green line,4259,85,42,42,42,42,42,42,42,85,42,212,85,340,127,511,212,425,298,298,383,255,425,212,425,212,425,212,425,212,383,255,340,298,298,425,255,511,212,425,170,340,127,212,85,127,85,85,42
172,21.0,Brigadier Hoshiar Singh,Green line,4671,93,46,46,46,46,46,46,46,93,46,233,93,373,140,560,233,467,326,326,420,280,467,233,467,233,467,233,467,233,420,280,373,326,326,467,280,560,233,467,186,373,140,233,93,140,93,93,46
173,1.0,Sector 55-66 ,Rapid Metro,5411,108,54,54,54,54,54,54,54,108,54,270,108,432,162,649,270,541,378,378,486,324,541,270,541,270,541,270,541,270,486,324,432,378,378,541,324,649,270,541,216,432,162,270,108,162,108,108,54
174,2.0,Sector 54 Chowk ,Rapid Metro,4579,91,45,45,45,45,45,45,45,91,45,228,91,366,137,549,228,457,320,320,412,274,457,228,457,228,457,228,457,228,412,274,366,320,320,457,274,549,228,457,183,366,137,228,91,137,91,91,45
175,3.0,Sector 53-54,Rapid Metro,6027,120,60,60,60,60,60,60,60,120,60,301,120,482,180,723,301,602,421,421,542,361,602,301,602,301,602,301,602,301,542,361,482,421,421,602,361,723,301,602,241,482,180,301,120,180,120,120,60
176,4.0,Sector 42-43,Rapid Metro,5710,114,57,57,57,57,57,57,57,114,57,285,114,456,171,685,285,571,399,399,513,342,571,285,571,285,571,285,571,285,513,342,456,399,399,571,342,685,285,571,228,456,171,285,114,171,114,114,57
177,5.0,Dlf Phase 1 ,Rapid Metro,5594,111,55,55,55,55,55,55,55,111,55,279,111,447,167,671,279,559,391,391,503,335,559,279,559,279,559,279,559,279,503,335,447,391,391,559,335,671,279,559,223,447,167,279,111,167,111,111,55
178,6.0,Sikandarpur ,Rapid Metro,6316,126,63,63,63,63,63,63,63,126,63,315,126,505,189,757,315,631,442,442,568,378,631,315,631,315,631,315,631,315,568,378,505,442,442,631,378,757,315,631,252,505,189,315,126,189,126,126,63
180,7.0,Dlf Phase 2 ,Rapid Metro,5334,106,53,53,53,53,53,53,53,106,53,266,106,426,160,640,266,533,373,373,480,320,533,266,533,266,533,266,533,266,480,320,426,373,373,533,320,640,266,533,213,426,160,266,106,160,106,106,53
181,8.0,Belvedere Towers ,Rapid Metro,6179,123,61,61,61,61,61,61,61,123,61,308,123,494,185,741,308,617,432,432,556,370,617,308,617,308,617,308,617,308,556,370,494,432,432,617,370,741,308,617,247,494,185,308,123,185,123,123,61
182,9.0,Cyber City ,Rapid Metro,6060,121,60,60,60,60,60,60,60,121,60,303,121,484,181,727,303,606,424,424,545,363,606,303,606,303,606,303,606,303,545,363,484,424,424,606,363,727,303,606,242,484,181,303,121,181,121,121,60
183,10.0,Moulsari Avenue,Rapid Metro,5270,105,52,52,52,52,52,52,52,105,52,263,105,421,158,632,263,527,368,368,474,316,527,263,527,263,527,263,527,263,474,316,421,368,368,527,316,632,263,527,210,421,158,263,105,158,105,105,52
184,11.0,Dlf Phase 3 ,Rapid Metro,7687,153,76,76,76,76,76,76,76,153,76,384,153,614,230,922,384,768,538,538,691,461,768,384,768,384,768,384,768,384,691,461,614,538,538,768,461,922,384,768,307,614,230,384,153,230,153,153,76
185,1.0,Kashmere Gate,Voilet line,9438,188,94,94,94,94,94,94,94,188,94,471,188,755,283,1132,471,943,660,660,849,566,943,471,943,471,943,471,943,471,849,566,755,660,660,943,566,1132,471,943,377,755,283,471,188,283,188,188,94
187,2.0,Lal Quila,Voilet line,4322,86,43,43,43,43,43,43,43,86,43,216,86,345,129,518,216,432,302,302,388,259,432,216,432,216,432,216,432,216,388,259,345,302,302,432,259,518,216,432,172,345,129,216,86,129,86,86,43
188,3.0,Jama Masjid,Voilet line,5772,115,57,57,57,57,57,57,57,115,57,288,115,461,173,692,288,577,404,404,519,346,577,288,577,288,577,288,577,288,519,346,461,404,404,577,346,692,288,577,230,461,173,288,115,173,115,115,57
189,4.0,Delhi Gate,Voilet line,4239,84,42,42,42,42,42,42,42,84,42,211,84,339,127,508,211,423,296,296,381,254,423,211,423,211,423,211,423,211,381,254,339,296,296,423,254,508,211,423,169,339,127,211,84,127,84,84,42
190,5.0,Ito,Voilet line,5870,117,58,58,58,58,58,58,58,117,58,293,117,469,176,704,293,587,410,410,528,352,587,293,587,293,587,293,587,293,528,352,469,410,410,587,352,704,293,587,234,469,176,293,117,176,117,117,58
191,6.0,Mandi House,Voilet line,7899,157,78,78,78,78,78,78,78,157,78,394,157,631,236,947,394,789,552,552,710,473,789,394,789,394,789,394,789,394,710,473,631,552,552,789,473,947,394,789,315,631,236,394,157,236,157,157,78
193,7.0,Janpath,Voilet line,4417,88,44,44,44,44,44,44,44,88,44,220,88,353,132,530,220,441,309,309,397,265,441,220,441,220,441,220,441,220,397,265,353,309,309,441,265,530,220,441,176,353,132,220,88,132,88,88,44
194,8.0,Central Secretariat,Voilet line,8149,162,81,81,81,81,81,81,81,162,81,407,162,651,244,977,407,814,570,570,733,488,814,407,814,407,814,407,814,407,733,488,651,570,570,814,488,977,407,814,325,651,244,407,162,244,162,162,81
196,9.0,Khan Market,Voilet line,6049,120,60,60,60,60,60,60,60,120,60,302,120,483,181,725,302,604,423,423,544,362,604,302,604,302,604,302,604,302,544,362,483,423,423,604,362,725,302,604,241,483,181,302,120,181,120,120,60
197,10.0,Jawaharlal Nehru Stadium,Voilet line,6269,125,62,62,62,62,62,62,62,125,62,313,125,501,188,752,313,626,438,438,564,376,626,313,626,313,626,313,626,313,564,376,501,438,438,626,376,752,313,626,250,501,188,313,125,188,125,125,62
199,11.0,Jangpura,Voilet line,7410,148,74,74,74,74,74,74,74,148,74,370,148,592,222,889,370,741,518,518,666,444,741,370,741,370,741,370,741,370,666,444,592,518,518,741,444,889,370,741,296,592,222,370,148,222,148,148,74
200,12.0,Lajpat Nagar,Voilet line,6850,137,68,68,68,68,68,68,68,137,68,342,137,548,205,822,342,685,479,479,616,411,685,342,685,342,685,342,685,342,616,411,548,479,479,685,411,822,342,685,274,548,205,342,137,205,137,137,68
202,13.0,Moolchand,Voilet line,4877,97,48,48,48,48,48,48,48,97,48,243,97,390,146,585,243,487,341,341,438,292,487,243,487,243,487,243,487,243,438,292,390,341,341,487,292,585,243,487,195,390,146,243,97,146,97,97,48
203,14.0,Kailash Colony,Voilet line,5091,101,50,50,50,50,50,50,50,101,50,254,101,407,152,610,254,509,356,356,458,305,509,254,509,254,509,254,509,254,458,305,407,356,356,509,305,610,254,509,203,407,152,254,101,152,101,101,50
204,15.0,Nehru Place,Voilet line,5087,101,50,50,50,50,50,50,50,101,50,254,101,406,152,610,254,508,356,356,457,305,508,254,508,254,508,254,508,254,457,305,406,356,356,508,305,610,254,508,203,406,152,254,101,152,101,101,50
206,16.0,Kalkaji Mandir,Voilet line,7194,143,71,71,71,71,71,71,71,143,71,359,143,575,215,863,359,719,503,503,647,431,719,359,719,359,719,359,719,359,647,431,575,503,503,719,431,863,359,719,287,575,215,359,143,215,143,143,71
208,17.0,Govind Puri,Voilet line,6101,122,61,61,61,61,61,61,61,122,61,305,122,488,183,732,305,610,427,427,549,366,610,305,610,305,610,305,610,305,549,366,488,427,427,610,366,732,305,610,244,488,183,305,122,183,122,122,61
209,18.0,Okhla,Voilet line,6042,120,60,60,60,60,60,60,60,120,60,302,120,483,181,725,302,604,422,422,543,362,604,302,604,302,604,302,604,302,543,362,483,422,422,604,362,725,302,604,241,483,181,302,120,181,120,120,60
210,19.0,Jasola,Voilet line,6346,126,63,63,63,63,63,63,63,126,63,317,126,507,190,761,317,634,444,444,571,380,634,317,634,317,634,317,634,317,571,380,507,444,444,634,380,761,317,634,253,507,190,317,126,190,126,126,63
211,20.0,Sarita Vihar,Voilet line,5429,108,54,54,54,54,54,54,54,108,54,271,108,434,162,651,271,542,380,380,488,325,542,271,542,271,542,271,542,271,488,325,434,380,380,542,325,651,271,542,217,434,162,271,108,162,108,108,54
212,21.0,Mohan Estate,Voilet line,6608,132,66,66,66,66,66,66,66,132,66,330,132,528,198,792,330,660,462,462,594,396,660,330,660,330,660,330,660,330,594,396,528,462,462,660,396,792,330,660,264,528,198,330,132,198,132,132,66
213,22.0,Tughlakabad,Voilet line,4972,99,49,49,49,49,49,49,49,99,49,248,99,397,149,596,248,497,348,348,447,298,497,248,497,248,497,248,497,248,447,298,397,348,348,497,298,596,248,497,198,397,149,248,99,149,99,99,49
214,23.0,Badarpur Border,Voilet line,7699,153,76,76,76,76,76,76,76,153,76,384,153,615,230,923,384,769,538,538,692,461,769,384,769,384,769,384,769,384,692,461,615,538,538,769,461,923,384,769,307,615,230,384,153,230,153,153,76
215,24.0,Sarai,Voilet line,6031,120,60,60,60,60,60,60,60,120,60,301,120,482,180,723,301,603,422,422,542,361,603,301,603,301,603,301,603,301,542,361,482,422,422,603,361,723,301,603,241,482,180,301,120,180,120,120,60
216,25.0,N.H.P.C. Chowk,Voilet line,3491,69,34,34,34,34,34,34,34,69,34,174,69,279,104,418,174,349,244,244,314,209,349,174,349,174,349,174,349,174,314,209,279,244,244,349,209,418,174,349,139,279,104,174,69,104,69,69,34
217,26.0,Mewala Maharajpur,Voilet line,3329,66,33,33,33,33,33,33,33,66,33,166,66,266,99,399,166,332,233,233,299,199,332,166,332,166,332,166,332,166,299,199,266,233,233,332,199,399,166,332,133,266,99,166,66,99,66,66,33
218,27.0,Sector 28 Faridabad,Voilet line,4711,94,47,47,47,47,47,47,47,94,47,235,94,376,141,565,235,471,329,329,423,282,471,235,471,235,471,235,471,235,423,282,376,329,329,471,282,565,235,471,188,376,141,235,94,141,94,94,47
219,28.0,Badkal Mor,Voilet line,4107,82,41,41,41,41,41,41,41,82,41,205,82,328,123,492,205,410,287,287,369,246,410,205,410,205,410,205,410,205,369,246,328,287,287,410,246,492,205,410,164,328,123,205,82,123,82,82,41
220,29.0,Old Faridabad,Voilet line,6300,126,63,63,63,63,63,63,63,126,63,315,126,504,189,756,315,630,441,441,567,378,630,315,630,315,630,315,630,315,567,378,504,441,441,630,378,756,315,630,252,504,189,315,126,189,126,126,63
221,30.0,Neelam Chowk Ajronda,Voilet line,4802,96,48,48,48,48,48,48,48,96,48,240,96,384,144,576,240,480,336,336,432,288,480,240,480,240,480,240,480,240,432,288,384,336,336,480,288,576,240,480,192,384,144,240,96,144,96,96,48
222,31.0,Bata Chowk,Voilet line,4344,86,43,43,43,43,43,43,43,86,43,217,86,347,130,521,217,434,304,304,390,260,434,217,434,217,434,217,434,217,390,260,347,304,304,434,260,521,217,434,173,347,130,217,86,130,86,86,43
223,32.0,Escorts Mujesar,Voilet line,3598,71,35,35,35,35,35,35,35,71,35,179,71,287,107,431,179,359,251,251,323,215,359,179,359,179,359,179,359,179,323,215,287,251,251,359,215,431,179,359,143,287,107,179,71,107,71,71,35
224,33.0,Sant Surdas - Sihi,Voilet line,2453,49,24,24,24,24,24,24,24,49,24,122,49,196,73,294,122,245,171,171,220,147,245,122,245,122,245,122,245,122,220,147,196,171,171,245,147,294,122,245,98,196,73,122,49,73,49,49,24
225,34.0,Raja Nahar Singh,Voilet line,3369,67,33,33,33,33,33,33,33,67,33,168,67,269,101,404,168,336,235,235,303,202,336,168,336,168,336,168,336,168,303,202,269,235,235,336,202,404,168,336,134,269,101,168,67,101,67,67,33
226,1.0,Janak Puri West,Magenta line,7854,157,78,78,78,78,78,78,78,157,78,392,157,628,235,942,392,785,549,549,706,471,785,392,785,392,785,392,785,392,706,471,628,549,549,785,471,942,392,785,314,628,235,392,157,235,157,157,78
228,2.0,Dabri Mor - Janakpuri South,Magenta line,4799,95,47,47,47,47,47,47,47,95,47,239,95,383,143,575,239,479,335,335,431,287,479,239,479,239,479,239,479,239,431,287,383,335,335,479,287,575,239,479,191,383,143,239,95,143,95,95,47
229,3.0,Dashrath Puri,Magenta line,3138,62,31,31,31,31,31,31,31,62,31,156,62,251,94,376,156,313,219,219,282,188,313,156,313,156,313,156,313,156,282,188,251,219,219,313,188,376,156,313,125,251,94,156,62,94,62,62,31
230,4.0,Palam,Magenta line,4297,85,42,42,42,42,42,42,42,85,42,214,85,343,128,515,214,429,300,300,386,257,429,214,429,214,429,214,429,214,386,257,343,300,300,429,257,515,214,429,171,343,128,214,85,128,85,85,42
231,5.0,Sadar Bazaar Cantonment,Magenta line,4419,88,44,44,44,44,44,44,44,88,44,220,88,353,132,530,220,441,309,309,397,265,441,220,441,220,441,220,441,220,397,265,353,309,309,441,265,530,220,441,176,353,132,220,88,132,88,88,44
232,6.0,Terminal 1 Igi Airport,Magenta line,3195,63,31,31,31,31,31,31,31,63,31,159,63,255,95,383,159,319,223,223,287,191,319,159,319,159,319,159,319,159,287,191,255,223,223,319,191,383,159,319,127,255,95,159,63,95,63,63,31
233,7.0,Shankar Vihar,Magenta line,4076,81,40,40,40,40,40,40,40,81,40,203,81,326,122,489,203,407,285,285,366,244,407,203,407,203,407,203,407,203,366,244,326,285,285,407,244,489,203,407,163,326,122,203,81,122,81,81,40
234,8.0,Vasant Vihar,Magenta line,4058,81,40,40,40,40,40,40,40,81,40,202,81,324,121,486,202,405,284,284,365,243,405,202,405,202,405,202,405,202,365,243,324,284,284,405,243,486,202,405,162,324,121,202,81,121,81,81,40
235,9.0,Munirka,Magenta line,2991,59,29,29,29,29,29,29,29,59,29,149,59,239,89,358,149,299,209,209,269,179,299,149,299,149,299,149,299,149,269,179,239,209,209,299,179,358,149,299,119,239,89,149,59,89,59,59,29
236,10.0,Rk Puram,Magenta line,4471,89,44,44,44,44,44,44,44,89,44,223,89,357,134,536,223,447,312,312,402,268,447,223,447,223,447,223,447,223,402,268,357,312,312,447,268,536,223,447,178,357,134,223,89,134,89,89,44
237,11.0,Iit Delhi,Magenta line,4653,93,46,46,46,46,46,46,46,93,46,232,93,372,139,558,232,465,325,325,418,279,465,232,465,232,465,232,465,232,418,279,372,325,325,465,279,558,232,465,186,372,139,232,93,139,93,93,46
238,12.0,Hauz Khas,Magenta line,6774,135,67,67,67,67,67,67,67,135,67,338,135,541,203,812,338,677,474,474,609,406,677,338,677,338,677,338,677,338,609,406,541,474,474,677,406,812,338,677,270,541,203,338,135,203,135,135,67
240,13.0,Panchsheel Park,Magenta line,5334,106,53,53,53,53,53,53,53,106,53,266,106,426,160,640,266,533,373,373,480,320,533,266,533,266,533,266,533,266,480,320,426,373,373,533,320,640,266,533,213,426,160,266,106,160,106,106,53
241,14.0,Chirag Delhi,Magenta line,2836,56,28,28,28,28,28,28,28,56,28,141,56,226,85,340,141,283,198,198,255,170,283,141,283,141,283,141,283,141,255,170,226,198,198,283,170,340,141,283,113,226,85,141,56,85,56,56,28
242,15.0,Greater Kailash,Magenta line,3329,66,33,33,33,33,33,33,33,66,33,166,66,266,99,399,166,332,233,233,299,199,332,166,332,166,332,166,332,166,299,199,266,233,233,332,199,399,166,332,133,266,99,166,66,99,66,66,33
243,16.0,Nehru Enclave,Magenta line,4919,98,49,49,49,49,49,49,49,98,49,245,98,393,147,590,245,491,344,344,442,295,491,245,491,245,491,245,491,245,442,295,393,344,344,491,295,590,245,491,196,393,147,245,98,147,98,98,49
244,17.0,Kalkaji Mandir,Magenta line,6574,131,65,65,65,65,65,65,65,131,65,328,131,525,197,788,328,657,460,460,591,394,657,328,657,328,657,328,657,328,591,394,525,460,460,657,394,788,328,657,262,525,197,328,131,197,131,131,65
246,18.0,Okhla Nsic,Magenta line,5171,103,51,51,51,51,51,51,51,103,51,258,103,413,155,620,258,517,361,361,465,310,517,258,517,258,517,258,517,258,465,310,413,361,361,517,310,620,258,517,206,413,155,258,103,155,103,103,51
247,19.0,Sukhdev Vihar,Magenta line,8181,163,81,81,81,81,81,81,81,163,81,409,163,654,245,981,409,818,572,572,736,490,818,409,818,409,818,409,818,409,736,490,654,572,572,818,490,981,409,818,327,654,245,409,163,245,163,163,81
248,20.0,Jamia Millia Islamia,Magenta line,4953,99,49,49,49,49,49,49,49,99,49,247,99,396,148,594,247,495,346,346,445,297,495,247,495,247,495,247,495,247,445,297,396,346,346,495,297,594,247,495,198,396,148,247,99,148,99,99,49
249,21.0,Okhla Vihar,Magenta line,5423,108,54,54,54,54,54,54,54,108,54,271,108,433,162,650,271,542,379,379,488,325,542,271,542,271,542,271,542,271,488,325,433,379,379,542,325,650,271,542,216,433,162,271,108,162,108,108,54
250,22.0,Jasola Vihar Shaheen Bagh,Magenta line,5235,104,52,52,52,52,52,52,52,104,52,261,104,418,157,628,261,523,366,366,471,314,523,261,523,261,523,261,523,261,471,314,418,366,366,523,314,628,261,523,209,418,157,261,104,157,104,104,52
251,23.0,Kalindi Kunj,Magenta line,4884,97,48,48,48,48,48,48,48,97,48,244,97,390,146,586,244,488,341,341,439,293,488,244,488,244,488,244,488,244,439,293,390,341,341,488,293,586,244,488,195,390,146,244,97,146,97,97,48
252,24.0,Okhla Bird Sanctuary,Magenta line,4063,81,40,40,40,40,40,40,40,81,40,203,81,325,121,487,203,406,284,284,365,243,406,203,406,203,406,203,406,203,365,243,325,284,284,406,243,487,203,406,162,325,121,203,81,121,81,81,40
253,25.0,Botanical Garden,Magenta line,6575,131,65,65,65,65,65,65,65,131,65,328,131,526,197,789,328,657,460,460,591,394,657,328,657,328,657,328,657,328,591,394,526,460,460,657,394,789,328,657,263,526,197,328,131,197,131,131,65
255,1.0,Majlis Park,Pink line,5027,100,50,50,50,50,50,50,50,100,50,251,100,402,150,603,251,502,351,351,452,301,502,251,502,251,502,251,502,251,452,301,402,351,351,502,301,603,251,502,201,402,150,251,100,150,100,100,50
256,2.0,Azadpur,Pink line,5944,118,59,59,59,59,59,59,59,118,59,297,118,475,178,713,297,594,416,416,534,356,594,297,594,297,594,297,594,297,534,356,475,416,416,594,356,713,297,594,237,475,178,297,118,178,118,118,59
258,3.0,Shalimar Bagh,Pink line,4064,81,40,40,40,40,40,40,40,81,40,203,81,325,121,487,203,406,284,284,365,243,406,203,406,203,406,203,406,203,365,243,325,284,284,406,243,487,203,406,162,325,121,203,81,121,81,81,40
259,4.0,Netaji Subash Place,Pink line,6056,121,60,60,60,60,60,60,60,121,60,302,121,484,181,726,302,605,423,423,545,363,605,302,605,302,605,302,605,302,545,363,484,423,423,605,363,726,302,605,242,484,181,302,121,181,121,121,60
261,5.0,Shakurpur,Pink line,6975,139,69,69,69,69,69,69,69,139,69,348,139,558,209,837,348,697,488,488,627,418,697,348,697,348,697,348,697,348,627,418,558,488,488,697,418,837,348,697,279,558,209,348,139,209,139,139,69
262,6.0,Punjabi Bagh West,Pink line,3056,61,30,30,30,30,30,30,30,61,30,152,61,244,91,366,152,305,213,213,275,183,305,152,305,152,305,152,305,152,275,183,244,213,213,305,183,366,152,305,122,244,91,152,61,91,61,61,30
263,7.0,Esi Basai Darapur,Pink line,5043,100,50,50,50,50,50,50,50,100,50,252,100,403,151,605,252,504,353,353,453,302,504,252,504,252,504,252,504,252,453,302,403,353,353,504,302,605,252,504,201,403,151,252,100,151,100,100,50
264,8.0,Rajouri Garden,Pink line,4254,85,42,42,42,42,42,42,42,85,42,212,85,340,127,510,212,425,297,297,382,255,425,212,425,212,425,212,425,212,382,255,340,297,297,425,255,510,212,425,170,340,127,212,85,127,85,85,42
266,9.0,Maya Puri,Pink line,3907,78,39,39,39,39,39,39,39,78,39,195,78,312,117,468,195,390,273,273,351,234,390,195,390,195,390,195,390,195,351,234,312,273,273,390,234,468,195,390,156,312,117,195,78,117,78,78,39
267,10.0,Naraina Vihar,Pink line,5080,101,50,50,50,50,50,50,50,101,50,254,101,406,152,609,254,508,355,355,457,304,508,254,508,254,508,254,508,254,457,304,406,355,355,508,304,609,254,508,203,406,152,254,101,152,101,101,50
268,11.0,Delhi Cantt,Pink line,3992,79,39,39,39,39,39,39,39,79,39,199,79,319,119,479,199,399,279,279,359,239,399,199,399,199,399,199,399,199,359,239,319,279,279,399,239,479,199,399,159,319,119,199,79,119,79,79,39
269,12.0,Durgabai Deshmukh South Campus,Pink line,3064,61,30,30,30,30,30,30,30,61,30,153,61,245,91,367,153,306,214,214,275,183,306,153,306,153,306,153,306,153,275,183,245,214,214,306,183,367,153,306,122,245,91,153,61,91,61,61,30
271,13.0,Sir Vishweshwaraiah Moti Bagh,Pink line,3464,69,34,34,34,34,34,34,34,69,34,173,69,277,103,415,173,346,242,242,311,207,346,173,346,173,346,173,346,173,311,207,277,242,242,346,207,415,173,346,138,277,103,173,69,103,69,69,34
272,14.0,Bhikaji Cama Place,Pink line,4768,95,47,47,47,47,47,47,47,95,47,238,95,381,143,572,238,476,333,333,429,286,476,238,476,238,476,238,476,238,429,286,381,333,333,476,286,572,238,476,190,381,143,238,95,143,95,95,47
273,15.0,Sarojini Nagar,Pink line,3663,73,36,36,36,36,36,36,36,73,36,183,73,293,109,439,183,366,256,256,329,219,366,183,366,183,366,183,366,183,329,219,293,256,256,366,219,439,183,366,146,293,109,183,73,109,73,73,36
274,16.0,Dilli Haat Ina,Pink line,5904,118,59,59,59,59,59,59,59,118,59,295,118,472,177,708,295,590,413,413,531,354,590,295,590,295,590,295,590,295,531,354,472,413,413,590,354,708,295,590,236,472,177,295,118,177,118,118,59
276,17.0,South Extension,Pink line,4992,99,49,49,49,49,49,49,49,99,49,249,99,399,149,599,249,499,349,349,449,299,499,249,499,249,499,249,499,249,449,299,399,349,349,499,299,599,249,499,199,399,149,249,99,149,99,99,49
277,18.0,Lajpat Nagar,Pink line,5097,101,50,50,50,50,50,50,50,101,50,254,101,407,152,611,254,509,356,356,458,305,509,254,509,254,509,254,509,254,458,305,407,356,356,509,305,611,254,509,203,407,152,254,101,152,101,101,50
279,19.0,Vinobapuri,Pink line,6389,127,63,63,63,63,63,63,63,127,63,319,127,511,191,766,319,638,447,447,575,383,638,319,638,319,638,319,638,319,575,383,511,447,447,638,383,766,319,638,255,511,191,319,127,191,127,127,63
280,20.0,Ashram,Pink line,4697,93,46,46,46,46,46,46,46,93,46,234,93,375,140,563,234,469,328,328,422,281,469,234,469,234,469,234,469,234,422,281,375,328,328,469,281,563,234,469,187,375,140,234,93,140,93,93,46
281,21.0,Sarai Kale Khan Hazrat Nizamuddin,Pink line,2211,44,22,22,22,22,22,22,22,44,22,110,44,176,66,265,110,221,154,154,198,132,221,110,221,110,221,110,221,110,198,132,176,154,154,221,132,265,110,221,88,176,66,110,44,66,44,44,22
282,22.0,Mayur Vihar Phase-1,Pink line,5953,119,59,59,59,59,59,59,59,119,59,297,119,476,178,714,297,595,416,416,535,357,595,297,595,297,595,297,595,297,535,357,476,416,416,595,357,714,297,595,238,476,178,297,119,178,119,119,59
284,23.0,Mayur Vihar Pocket I,Pink line,3821,76,38,38,38,38,38,38,38,76,38,191,76,305,114,458,191,382,267,267,343,229,382,191,382,191,382,191,382,191,343,229,305,267,267,382,229,458,191,382,152,305,114,191,76,114,76,76,38
285,24.0,Trilokpuri Sanjay Lake,Pink line,5261,105,52,52,52,52,52,52,52,105,52,263,105,420,157,631,263,526,368,368,473,315,526,263,526,263,526,263,526,263,473,315,420,368,368,526,315,631,263,526,210,420,157,263,105,157,105,105,52
286,25.0,Vinod Nagar East,Pink line,3576,71,35,35,35,35,35,35,35,71,35,178,71,286,107,429,178,357,250,250,321,214,357,178,357,178,357,178,357,178,321,214,286,250,250,357,214,429,178,357,143,286,107,178,71,107,71,71,35
287,26.0,Mandawali - West Vinod Nagar,Pink line,4148,82,41,41,41,41,41,41,41,82,41,207,82,331,124,497,207,414,290,290,373,248,414,207,414,207,414,207,414,207,373,248,331,290,290,414,248,497,207,414,165,331,124,207,82,124,82,82,41
288,27.0,Ip Extension,Pink line,4739,94,47,47,47,47,47,47,47,94,47,236,94,379,142,568,236,473,331,331,426,284,473,236,473,236,473,236,473,236,426,284,379,331,331,473,284,568,236,473,189,379,142,236,94,142,94,94,47
289,28.0,Anand Vihar,Pink line,6585,131,65,65,65,65,65,65,65,131,65,329,131,526,197,790,329,658,460,460,592,395,658,329,658,329,658,329,658,329,592,395,526,460,460,658,395,790,329,658,263,526,197,329,131,197,131,131,65
291,29.0,Karkar Duma,Pink line,4847,96,48,48,48,48,48,48,48,96,48,242,96,387,145,581,242,484,339,339,436,290,484,242,484,242,484,242,484,242,436,290,387,339,339,484,290,581,242,484,193,387,145,242,96,145,96,96,48
293,30.0,Karkarduma Court,Pink line,4106,82,41,41,41,41,41,41,41,82,41,205,82,328,123,492,205,410,287,287,369,246,410,205,410,205,410,205,410,205,369,246,328,287,287,410,246,492,205,410,164,328,123,205,82,123,82,82,41
294,31.0,Krishna Nagar,Pink line,4185,83,41,41,41,41,41,41,41,83,41,209,83,334,125,502,209,418,292,292,376,251,418,209,418,209,418,209,418,209,376,251,334,292,292,418,251,502,209,418,167,334,125,209,83,125,83,83,41
295,32.0,East Azad Nagar,Pink line,3950,79,39,39,39,39,39,39,39,79,39,197,79,316,118,474,197,395,276,276,355,237,395,197,395,197,395,197,395,197,355,237,316,276,276,395,237,474,197,395,158,316,118,197,79,118,79,79,39
296,33.0,Welcome,Pink line,7569,151,75,75,75,75,75,75,75,151,75,378,151,605,227,908,378,756,529,529,681,454,756,378,756,378,756,378,756,378,681,454,605,529,529,756,454,908,378,756,302,605,227,378,151,227,151,151,75
298,34.0,Jaffrabad,Pink line,4817,96,48,48,48,48,48,48,48,96,48,240,96,385,144,578,240,481,337,337,433,289,481,240,481,240,481,240,481,240,433,289,385,337,337,481,289,578,240,481,192,385,144,240,96,144,96,96,48
299,35.0,Maujpur,Pink line,3052,61,30,30,30,30,30,30,30,61,30,152,61,244,91,366,152,305,213,213,274,183,305,152,305,152,305,152,305,152,274,183,244,213,213,305,183,366,152,305,122,244,91,152,61,91,61,61,30
300,36.0,Gokulpuri,Pink line,5118,102,51,51,51,51,51,51,51,102,51,255,102,409,153,614,255,511,358,358,460,307,511,255,511,255,511,255,511,255,460,307,409,358,358,511,307,614,255,511,204,409,153,255,102,153,102,102,51
301,37.0,Johri Enclave,Pink line,6192,123,61,61,61,61,61,61,61,123,61,309,123,495,185,743,309,619,433,433,557,371,619,309,619,309,619,309,619,309,557,371,495,433,433,619,371,743,309,619,247,495,185,309,123,185,123,123,61
302,38.0,Shiv Vihar,Pink line,5082,101,50,50,50,50,50,50,50,101,50,254,101,406,152,609,254,508,355,355,457,304,508,254,508,254,508,254,508,254,457,304,406,355,355,508,304,609,254,508,203,406,152,254,101,152,101,101,50
303,1.0,Noida Sector 51,Aqua line,3858,77,38,38,38,38,38,38,38,77,38,192,77,308,115,462,192,385,270,270,347,231,385,192,385,192,385,192,385,192,347,231,308,270,270,385,231,462,192,385,154,308,115,192,77,115,77,77,38
305,2.0,Noida Sector 50,Aqua line,4113,82,41,41,41,41,41,41,41,82,41,205,82,329,123,493,205,411,287,287,370,246,411,205,411,205,411,205,411,205,370,246,329,287,287,411,246,493,205,411,164,329,123,205,82,123,82,82,41
306,3.0,Noida Sector 76,Aqua line,5533,110,55,55,55,55,55,55,55,110,55,276,110,442,165,663,276,553,387,387,497,331,553,276,553,276,553,276,553,276,497,331,442,387,387,553,331,663,276,553,221,442,165,276,110,165,110,110,55
307,4.0,Noida Sector 101,Aqua line,3554,71,35,35,35,35,35,35,35,71,35,177,71,284,106,426,177,355,248,248,319,213,355,177,355,177,355,177,355,177,319,213,284,248,248,355,213,426,177,355,142,284,106,177,71,106,71,71,35
308,5.0,Noida Sector 81,Aqua line,4580,91,45,45,45,45,45,45,45,91,45,229,91,366,137,549,229,458,320,320,412,274,458,229,458,229,458,229,458,229,412,274,366,320,320,458,274,549,229,458,183,366,137,229,91,137,91,91,45
309,6.0,Nsez Noida,Aqua line,4869,97,48,48,48,48,48,48,48,97,48,243,97,389,146,584,243,486,340,340,438,292,486,243,486,243,486,243,486,243,438,292,389,340,340,486,292,584,243,486,194,389,146,243,97,146,97,97,48
310,7.0,Noida Sector 83,Aqua line,3234,64,32,32,32,32,32,32,32,64,32,161,64,258,97,388,161,323,226,226,291,194,323,161,323,161,323,161,323,161,291,194,258,226,226,323,194,388,161,323,129,258,97,161,64,97,64,64,32
311,8.0,Noida Sector 137,Aqua line,3945,78,39,39,39,39,39,39,39,78,39,197,78,315,118,473,197,394,276,276,355,236,394,197,394,197,394,197,394,197,355,236,315,276,276,394,236,473,197,394,157,315,118,197,78,118,78,78,39
312,9.0,Noida Sector 142,Aqua line,1000,20,10,10,10,10,10,10,10,20,10,50,20,80,30,120,50,100,70,70,90,60,100,50,100,50,100,50,100,50,90,60,80,70,70,100,60,120,50,100,40,80,30,50,20,30,20,20,10
313,10.0,Noida Sector 143,Aqua line,3012,60,30,30,30,30,30,30,30,60,30,150,60,240,90,361,150,301,210,210,271,180,301,150,301,150,301,150,301,150,271,180,240,210,210,301,180,361,150,301,120,240,90,150,60,90,60,60,30
314,11.0,Noida Sector 144,Aqua line,3312,66,33,33,33,33,33,33,33,66,33,165,66,264,99,397,165,331,231,231,298,198,331,165,331,165,331,165,331,165,298,198,264,231,231,331,198,397,165,331,132,264,99,165,66,99,66,66,33
315,12.0,Noida Sector 145,Aqua line,2367,47,23,23,23,23,23,23,23,47,23,118,47,189,71,284,118,236,165,165,213,142,236,118,236,118,236,118,236,118,213,142,189,165,165,236,142,284,118,236,94,189,71,118,47,71,47,47,23
316,13.0,Noida Sector 146,Aqua line,4961,99,49,49,49,49,49,49,49,99,49,248,99,396,148,595,248,496,347,347,446,297,496,248,496,248,496,248,496,248,446,297,396,347,347,496,297,595,248,496,198,396,148,248,99,148,99,99,49
317,14.0,Noida Sector 147,Aqua line,2179,43,21,21,21,21,21,21,21,43,21,108,43,174,65,261,108,217,152,152,196,130,217,108,217,108,217,108,217,108,196,130,174,152,152,217,130,261,108,217,87,174,65,108,43,65,43,43,21
318,15.0,Noida Sector 148,Aqua line,3582,71,35,35,35,35,35,35,35,71,35,179,71,286,107,429,179,358,250,250,322,214,358,179,358,179,358,179,358,179,322,214,286,250,250,358,214,429,179,358,143,286,107,179,71,107,71,71,35
319,16.0,Knowledge Park Ii,Aqua line,4331,86,43,43,43,43,43,43,43,86,43,216,86,346,129,519,216,433,303,303,389,259,433,216,433,216,433,216,433,216,389,259,346,303,303,433,259,519,216,433,173,346,129,216,86,129,86,86,43
320,17.0,Pari Chowk Greater Noida,Aqua line,5574,111,55,55,55,55,55,55,55,111,55,278,111,445,167,668,278,557,390,390,501,334,557,278,557,278,557,278,557,278,501,334,445,390,390,557,334,668,278,557,222,445,167,278,111,167,111,111,55
321,18.0,Alpha 1 Greater Noida,Aqua line,2878,57,28,28,28,28,28,28,28,57,28,143,57,230,86,345,143,287,201,201,259,172,287,143,287,143,287,143,287,143,259,172,230,201,201,287,172,345,143,287,115,230,86,143,57,86,57,57,28
322,19.0,Delta 1 Greater Noida,Aqua line,5317,106,53,53,53,53,53,53,53,106,53,265,106,425,159,638,265,531,372,372,478,319,531,265,531,265,531,265,531,265,478,319,425,372,372,531,319,638,265,531,212,425,159,265,106,159,106,106,53
323,20.0,Gnida Office,Aqua line,4230,84,42,42,42,42,42,42,42,84,42,211,84,338,126,507,211,423,296,296,380,253,423,211,423,211,423,211,423,211,380,253,338,296,296,423,253,507,211,423,169,338,126,211,84,126,84,84,42
324,21.0,Depot Greater Noida,Aqua line,3295,65,32,32,32,32,32,32,32,65,32,164,65,263,98,395,164,329,230,230,296,197,329,164,329,164,329,164,329,164,296,197,263,230,230,329,197,395,164,329,131,263,98,164,65,98,65,65,32
325,1.0,Dwarka,Gray line,7162,143,71,71,71,71,71,71,71,143,71,358,143,572,214,859,358,716,501,501,644,429,716,358,716,358,716,358,716,358,644,429,572,501,501,716,429,859,358,716,286,572,214,358,143,214,143,143,71
327,2.0,Nangli,Gray line,4450,89,44,44,44,44,44,44,44,89,44,222,89,356,133,534,222,445,311,311,400,267,445,222,445,222,445,222,445,222,400,267,356,311,311,445,267,534,222,445,178,356,133,222,89,133,89,89,44
328,3.0,Najafgarh,Gray line,3320,66,33,33,33,33,33,33,33,66,33,166,66,265,99,398,166,332,232,232,298,199,332,166,332,166,332,166,332,166,298,199,265,232,232,332,199,398,166,332,132,265,99,166,66,99,66,66,33
329,1.0,New Delhi-Airport Express,Orange line,7552,151,75,75,75,75,75,75,75,151,75,377,151,604,226,906,377,755,528,528,679,453,755,377,755,377,755,377,755,377,679,453,604,528,528,755,453,906,377,755,302,604,226,377,151,226,151,151,75
331,2.0,Shivaji Stadium,Orange line,6017,120,60,60,60,60,60,60,60,120,60,300,120,481,180,722,300,601,421,421,541,361,601,300,601,300,601,300,601,300,541,361,481,421,421,601,361,722,300,601,240,481,180,300,120,180,120,120,60
332,3.0,Dhaula Kuan,Orange line,5359,107,53,53,53,53,53,53,53,107,53,267,107,428,160,643,267,535,375,375,482,321,535,267,535,267,535,267,535,267,482,321,428,375,375,535,321,643,267,535,214,428,160,267,107,160,107,107,53
334,4.0,Delhi Aerocity,Orange line,5663,113,56,56,56,56,56,56,56,113,56,283,113,453,169,679,283,566,396,396,509,339,566,283,566,283,566,283,566,283,509,339,453,396,396,566,339,679,283,566,226,453,169,283,113,169,113,113,56
335,5.0,Igi Airport,Orange line,6500,130,65,65,65,65,65,65,65,130,65,325,130,520,195,780,325,650,455,455,585,390,650,325,650,325,650,325,650,325,585,390,520,455,455,650,390,780,325,650,260,520,195,325,130,195,130,130,65
336,6.0,Dwarka Sector 21,Orange line,3948,78,39,39,39,39,39,39,39,78,39,197,78,315,118,473,197,394,276,276,355,236,394,197,394,197,394,197,394,197,355,236,315,276,276,394,236,473,197,394,157,315,118,197,78,118,78,78,39
